time_utc,time_local,station_id,station_type,latitude,longitude,activity,event,label,depth_m,wind_dir,wind_speed,air_temp,water_temp,water_salinity,pr_baro,hum_percent,ice_0_10,comment
2025/09/09 06:31:31,2025/09/09 02:31:31,ES_S2,CTD,78.0564765,-88.68557766666666,CTD Rosette,Recovery,NA,328.21,324,0,-2.9,-0.163,28.145,1009.66,99.4,NA,CTD Front Deck - Estimated Depth 300m
2025/09/09 06:24:15,2025/09/09 02:24:15,ES_S2,CTD,78.05653716666667,-88.684911,CTD Rosette,Bottom,NA,327.9,315,0,-3,-0.213,27.933,1009.67,99.4,NA,CTD Front Deck - Estimated Depth 300m
2025/09/09 06:12:06,2025/09/09 02:12:06,ES_S2,CTD,78.05682016666667,-88.68677383333333,CTD Rosette,Deployment,AMD2504-024,327.31,355,0.2,-3.2,-0.298,27.117,1009.67,99.3,NA,CTD Front Deck - Estimated Depth 300m
2025/09/09 05:00:18,2025/09/09 01:00:18,ES_S4,CTD,77.954766,-88.48125716666667,CTD Rosette,Recovery,NA,362.79,302,0,-3.1,-0.53,29.277,1009.76,99.4,NA,CTD Front Deck - Estimated Depth 300m
2025/09/09 04:47:18,2025/09/09 00:47:18,ES_S4,CTD,77.954438,-88.47918216666666,CTD Rosette,Bottom,NA,361.03999999999996,294,0,-3.4,-0.514,29.08,1009.77,99.3,NA,CTD Front Deck - Estimated Depth 300m
2025/09/09 04:36:27,2025/09/09 00:36:27,ES_S4,CTD,77.9544275,-88.48041383333333,CTD Rosette,Deployment,AMD2504-023,361.68,294,0,-3.4,-0.418,29.433,1009.78,99.3,NA,CTD Front Deck - Estimated Depth 300m
2025/09/09 03:26:21,2025/09/08 23:26:21,ES_S5,Nutrient,77.8938955,-88.36717516666667,CTD Rosette,Recovery,NA,118.09,281,0,-3.6,-0.539,29.482,1010.09,99.3,NA,Nutrient - Estimated Depth 200m
2025/09/09 02:59:54,2025/09/08 22:59:54,ES_S5,Nutrient,77.89385483333334,-88.36624833333333,CTD Rosette,Bottom,NA,118.92999999999999,314,0,-3.6,-0.491,29.752,1010.2,99.3,NA,Nutrient - Estimated Depth 200m
2025/09/09 02:51:44,2025/09/08 22:51:44,ES_S5,Nutrient,77.89396116666667,-88.36456633333333,CTD Rosette,Deployment,AMD2504-022,119.05,315,0,-3.3,-0.578,29.227,1010.23,99.4,NA,Nutrient - Estimated Depth 200m
2025/09/08 20:16:19,2025/09/08 16:16:19,NB02,Nutrient,77.38296516666666,-92.27344933333333,Foredeck CTD,Recovery,NA,417.63,315,0.8,-0.8,-1.144,29.005,1011.44,99.5,NA,Test with Quentin
2025/09/08 20:08:36,2025/09/08 16:08:36,NB02,Nutrient,77.38336583333333,-92.27429233333334,Foredeck CTD,Bottom,NA,414.6,272,2.5,-0.9,-1.125,28.97,1011.48,99.5,NA,Test with Quentin
2025/09/08 19:58:33,2025/09/08 15:58:33,NB02,Nutrient,77.38365516666667,-92.27493416666667,Foredeck CTD,Deployment,AMD2504-021,413.34000000000003,256,2.8,-1,-1.129,28.95,1011.44,99.5,NA,Test with Quentin
2025/09/08 19:47:44,2025/09/08 15:47:44,NB02,Nutrient,77.383412,-92.27870133333333,CTD Rosette,Recovery,NA,416.44,271,2.5,-1.5,-1.135,28.942,1011.38,99.5,NA,Nutrient - estimated Depth 410
2025/09/08 19:14:46,2025/09/08 15:14:46,NB02,Nutrient,77.38318883333334,-92.28208766666667,CTD Rosette,Bottom,NA,418.69,265,2.4,-2,-1.15,28.946,1011.31,99.5,NA,Nutrient - estimated Depth 410
2025/09/08 19:01:50,2025/09/08 15:01:50,NB02,Nutrient,77.383953,-92.27984883333333,CTD Rosette,Deployment,AMD2504-020,420.9,260,2.8,-2,-1.116,28.939,1011.25,99.5,NA,Nutrient - estimated Depth 410
2025/09/08 06:08:12,2025/09/08 02:08:12,PS1,Full,76.53506283333333,-97.50617616666666,Beam Trawl,Recovery,NA,139.51,186,13.6,-2.1,-1.268,30.912,1011.31,98.3,NA,NA
2025/09/08 05:52:53,2025/09/08 01:52:53,PS1,Full,76.53814366666667,-97.4638075,Beam Trawl,Bottom,NA,177.21,185,12.5,-2.1,-1.264,30.904,1011.27,98,NA,NA
2025/09/08 05:42:46,2025/09/08 01:42:46,PS1,Full,76.537667,-97.43998583333334,Beam Trawl,Deployment,AMD2504-019,191.27,201,6.8,-1.7,-1.275,30.871,1011.45,98,NA,NA
2025/09/08 04:59:02,2025/09/08 00:59:02,PS1,Full,76.5325885,-97.44941483333334,Box Core,Recovery,NA,182.19,184,10.5,-1.8,-1.272,30.913,1011.25,97,NA,box core non declenché
2025/09/08 04:50:24,2025/09/08 00:50:24,PS1,Full,76.53235066666667,-97.449448,Box Core,Bottom,NA,181.63,193,7.9,-1.8,-1.276,30.933,1011.12,97,NA,NA
2025/09/08 04:44:26,2025/09/08 00:44:26,PS1,Full,76.53214083333333,-97.45048816666667,Box Core,Deployment,AMD2504-018,187.98000000000002,176,9.4,-1.8,-1.276,30.983,1011.18,97,NA,NA
2025/09/08 04:35:04,2025/09/08 00:35:04,PS1,Full,76.53146333333333,-97.45505983333334,Box Core,Recovery,NA,185,186,8.9,-1.8,-1.26,31.102,1011.19,96.9,NA,box core non declenché
2025/09/08 04:25:38,2025/09/08 00:25:38,PS1,Full,76.5316885,-97.45741716666667,Box Core,Bottom,NA,179.36,180,12.2,-1.8,-1.23,31.163,1011.17,96.8,NA,NA
2025/09/08 04:17:02,2025/09/08 00:17:02,PS1,Full,76.53271,-97.45012933333334,Box Core,Deployment,AMD2504-017,185.51000000000002,177,11,-1.7,-1.17,31.189,1011.2,96.4,NA,NA
2025/09/08 03:22:32,2025/09/07 23:22:32,PS1,Full,76.52716166666667,-97.44477366666666,Hydrobios,Recovery,NA,194.82,134,11,-1.5,-1.099,31.676,1010.96,95.3,NA,NA
2025/09/08 03:15:37,2025/09/07 23:15:37,PS1,Full,76.5288295,-97.4479955,Hydrobios,Bottom,NA,183.76000000000002,176,11,-1.5,-1.082,31.664,1010.97,95.3,NA,NA
2025/09/08 03:11:09,2025/09/07 23:11:09,PS1,Full,76.530026,-97.44762833333333,Hydrobios,Deployment,AMD2504-016,190.17999999999998,169,11.5,-1.5,-1.114,31.632,1010.79,95.1,NA,NA
2025/09/08 02:34:43,2025/09/07 22:34:43,PS1,Full,76.51324183333334,-97.45888516666666,Tucker,Recovery,NA,169.51,181,15.6,-1.5,-1.195,31.339,1010.74,95.9,NA,NA
2025/09/08 02:25:43,2025/09/07 22:25:43,PS1,Full,76.51982516666666,-97.456145,Tucker,Bottom,NA,185.32999999999998,180,12.1,-1.6,-1.186,31.375,1010.82,95.7,NA,NA
2025/09/08 02:17:11,2025/09/07 22:17:11,PS1,Full,76.52619316666667,-97.45392783333334,Tucker,Deployment,AMD2504-015,184.65,184,11.1,-1.4,-1.175,31.417,1010.76,94.5,NA,NA
2025/09/08 02:02:56,2025/09/07 22:02:56,PS1,Full,76.53036349999999,-97.45019466666666,CTD Rosette,Recovery,NA,183.35,138,3.2,-1.4,-1.195,31.37,1010.69,95.3,NA,Large volume for Aaron
2025/09/08 01:52:09,2025/09/07 21:52:09,PS1,Full,76.531720000000007,-97.44798666666667,CTD Rosette,Bottom,NA,181.43,162,0,-1.5,-1.198,31.328,1010.67,95.6,NA,Large volume for Aaron
2025/09/08 01:39:08,2025/09/07 21:39:08,PS1,Full,76.5319975,-97.44763283333333,CTD Rosette,Deployment,AMD2504-014,182.29000000000002,184,1.7,-1.4,-1.204,31.304,1010.63,95.2,NA,Large volume for Aaron
2025/09/08 01:04:20,2025/09/07 21:04:20,PS1,Full,76.53057733333333,-97.45790383333333,Drop Camera,Recovery,NA,180.1,164,12.4,-1.4,-1.173,31.386,1010.36,94.4,NA,NA
2025/09/08 00:30:26,2025/09/07 20:30:26,PS1,Full,76.5328155,-97.44765,Drop Camera,Bottom,NA,181.76,NA,11.7,-1.4,-1.06,31.339,1010.28,94.2,NA,NA
2025/09/08 00:26:02,2025/09/07 20:26:02,PS1,Full,76.5326635,-97.4471515,Drop Camera,Deployment,AMD2504-013,181.46,160,11.7,-1.4,-1.081,31.36,1010.14,94.3,NA,NA
2025/09/07 22:34:06,2025/09/07 18:34:06,PS1,Full,76.53282933333334,-97.45328283333333,TM-Rosette,Recovery,NA,178.76000000000002,177,12.6,-0.1,-1.112,31.489,1009.61,88.9,NA,NA
2025/09/07 22:15:42,2025/09/07 18:15:42,PS1,Full,76.53257516666666,-97.448118,TM-Rosette,Bottom,NA,182.39000000000001,56,16.5,-1,-1.066,31.497,1009.08,93,NA,NA
2025/09/07 21:58:34,2025/09/07 17:58:34,PS1,Full,76.53291933333334,-97.4476075,TM-Rosette,Deployment,AMD2504-012,181.34,170,12.7,-1.3,-1.071,31.492,1009.21,94.1,NA,NA
2025/09/07 21:29:16,2025/09/07 17:29:16,PS1,Full,76.53533166666666,-97.45470183333333,Recover Zodiac,Recovery,NA,179.39999999999998,165,11.7,1,-1.091,31.49,1009.16,83.4,NA,NA
2025/09/07 20:49:26,2025/09/07 16:49:26,PS1,Full,76.53355166666667,-97.45214916666667,Recover Baited Cam,Recovery,NA,187.35999999999999,166,14.2,-1.6,-1.134,31.579,1008.66,94,NA,With Zodiac crew and deck crew
2025/09/07 20:24:35,2025/09/07 16:24:35,PS1,Full,76.53343666666666,-97.44491733333334,Deploy Zodiac for surface water,Deployment,AMD2504-011,183.81,150,12.3,-1.5,-1.111,31.557,1008.45,92.2,NA,NA
2025/09/07 20:04:44,2025/09/07 16:04:44,PS1,Full,76.55396866666666,-97.42928816666667,CTD Rosette,Recovery,NA,177.09,197,0.6,-0.4,-1.081,31.313,1008.55,86.5,NA,Full Rosette
2025/09/07 19:37:50,2025/09/07 15:37:50,PS1,Full,76.55292216666666,-97.42764733333334,CTD Rosette,Bottom,NA,176.85999999999999,109,5.7,-0.4,-1.15,31.322,1008.32,85.6,NA,Full Rosette
2025/09/07 19:28:54,2025/09/07 15:28:54,PS1,Full,76.552247,-97.42627566666667,CTD Rosette,Deployment,AMD2504-010,177.88,90,5.1,-1,-1.115,31.348,1008.26,88.7,NA,Full Rosette
2025/09/07 19:08:46,2025/09/07 15:08:46,PS1,Full,76.53237883333334,-97.44610083333333,Deploy Baited Cam,Deployment,AMD2504-009,182.97,173,14.6,1.5,-1.121,31.543,1007.59,87.2,NA,NA
2025/09/07 09:46:41,2025/09/07 05:46:41,Polaris1,Basic,75.38432916666666,-96.98337583333333,Trace Metal Rosette,Recovery,NA,305.15999999999997,180,21.8,-1,-1.408,30.81,1006.71,93.2,NA,Open moonpool hatch; Depth 275m
2025/09/07 09:21:44,2025/09/07 05:21:44,Polaris1,Basic,75.38486883333333,-96.9766545,Trace Metal Rosette,Bottom,NA,297.60999999999996,184,18.4,-1,-1.413,30.832,1006.78,92.7,NA,Open moonpool hatch; Depth 275m
2025/09/07 09:04:20,2025/09/07 05:04:20,Polaris1,Basic,75.38327783333334,-96.97361116666667,Trace Metal Rosette,Deployment,AMD2504-008,287.04,88,14.8,-0.8,-1.37,30.892,1007.02,92,NA,Open moonpool hatch; Depth 275m
2025/09/06 22:03:38,2025/09/06 18:03:38,PS1,NA,76.54660433333333,-97.49979816666666,Mooring 2,Bottom,NA,149.44,273,25.5,0.3,-0.871,30.963,1011.91,82.7,NA,NA
2025/09/06 21:55:07,2025/09/06 17:55:07,PS1,NA,76.54755666666667,-97.49941783333334,Mooring 2,Deployment,AMD2504-007,155.84,198,25.9,-1.9,-0.848,30.974,1011.64,91.8,NA,NA
2025/09/06 21:12:29,2025/09/06 17:12:29,PS1,Full + Mooring,76.5398385,-97.50281466666667,Mooring,Bottom,NA,145.57,204,20.4,2.6,-0.941,31.037,1011.5,76.5,NA,NA
2025/09/06 21:06:00,2025/09/06 17:06:00,PS1,Full + Mooring,76.54047333333334,-97.50080583333333,Mooring,Deployment,AMD2504-006,147.20000000000002,198,23.5,-0.7,-0.845,31.035,1011.81,89,NA,NA
2025/09/06 20:11:07,2025/09/06 16:11:07,PS2,CTD,76.58642,-97.39439583333333,CTD Rosette,Recovery,NA,164.45000000000002,207,14.8,-1.1,-1.036,30.617,1012.45,93.2,NA,Possible CTD from Front Deck
2025/09/06 20:05:06,2025/09/06 16:05:06,PS2,CTD,76.58604316666667,-97.39439066666667,CTD Rosette,Bottom,NA,165.32,192,19.4,1.2,-1.159,30.376,1012.48,75.2,NA,Possible CTD from Front Deck
2025/09/06 19:56:10,2025/09/06 15:56:10,PS2,CTD,76.58559533333333,-97.39023016666667,CTD Rosette,Deployment,AMD2504-005,183.51999999999998,188,6.1,-1.1,-1.119,30.392,1012.53,85.6,NA,Possible CTD from Front Deck
2025/09/06 18:49:17,2025/09/06 14:49:17,PS3,Nutrient,76.63953983333333,-97.27291183333334,CTD Rosette,Recovery,NA,270.68,207,19.7,-2,-1.213,30.201,1012.88,94.5,NA,NA
2025/09/06 18:12:03,2025/09/06 14:12:03,PS3,Nutrient,76.63414133333333,-97.276135,CTD Rosette,Bottom,NA,279.15000000000003,191,22.8,-1.9,-1.201,30.117,1012.8,94.2,NA,NA
2025/09/06 18:01:12,2025/09/06 14:01:12,PS3,Nutrient,76.63170316666667,-97.27800933333333,CTD Rosette,Deployment,AMD2504-004,281.32,214,23.7,-2.1,-1.227,30.126,1012.77,94.7,NA,NA
2025/09/06 16:47:34,2025/09/06 12:47:34,PS4,CTD,76.67082583333334,-97.11434083333333,CTD Rosette,Recovery,NA,308.38,21,2.3,-1.8,-1.043,30.386,1013.66,94.7,NA,NA
2025/09/06 16:40:46,2025/09/06 12:40:46,PS4,CTD,76.67025833333334,-97.11575583333334,CTD Rosette,Bottom,NA,303.08,211,4.3,-1.8,-1.089,30.331,1013.68,94.9,NA,NA
2025/09/06 16:30:06,2025/09/06 12:30:06,PS4,CTD,76.668102,-97.11846733333333,CTD Rosette,Deployment,AMD2504-003,271.78,196,1.5,-2.2,-1.218,30.387,1013.9,95.7,NA,NA
2025/09/06 15:13:05,2025/09/06 11:13:05,PS5,Nutrient + Moor,76.7161935,-97.016904,Mooring,Deployment,AMD2504-002,286.18,189,21.1,-2.5,-1.03,30.688,1013.72,97.6,NA,NA
2025/09/06 14:32:15,2025/09/06 10:32:15,PS5,Nutrient + Moor,76.713718,-97.0217355,CTD Rosette,Recovery,NA,288.59000000000003,104,3.2,-2.2,-1.054,30.525,1014.49,99.3,NA,Start time TBD. Includes Mooring
2025/09/06 14:00:29,2025/09/06 10:00:29,PS5,Nutrient + Moor,76.7124945,-97.0208415,CTD Rosette,Bottom,NA,288.78999999999996,193,24,-2.5,-1.075,30.477,1014.47,98.1,NA,Start time TBD. Includes Mooring
2025/09/06 13:49:52,2025/09/06 09:49:52,PS5,Nutrient + Moor,76.71220433333333,-97.02024266666666,CTD Rosette,Deployment,AMD2504-001,288.62,192,22.1,-2.5,-1.058,30.344,1014.46,97.1,NA,Start time TBD. Includes Mooring
2025/09/05 02:00:00,2025/09/04 22:00:00,Dock Resolute Bay,NA,74.631648,-94.79671533333334,Start LEG4,NA,NA,NA,177,14.3,-1.9,NA,NA,1015.75,92.3,NA,NA
